the_geom,Score,Match_type,Side,Status,X,Y,Match_addr,ARC_Street,Number,Name,Installed
POINT (-78.8125290549313 42.84835797656724),69,A,,M,1086829.9549971782,1037893.1350271851,ABBOTT RD & LORRAINE AVE,Abbott / Lorraine,A1,Abbott / Lorraine,2008-2010
POINT (-78.80205999526287 42.87177302524901),55,M,,M,1089659.524999816,1046419.1750351265,CLINTON ST & S OGDEN ST,CLINTON / OGDEN,A2,Clinton / Ogden,11/1/2016
POINT (-78.80331093555911 42.8498550205171),69,M,,M,1089303.3349994794,1038432.1350276917,SENECA ST & CAZENOVIA PKWY,SENECA / CAZENOVIA PARK,A3,Seneca / Cazenovia Park,2008-2010
POINT (-78.8342999796484 42.87053401913371),69,A,,M,1081015.884991765,1045991.7250347286,SENECA ST & BABCOCK ST,Seneca / Babcock,A4,Seneca / Babcock,2008-2010
POINT (-78.81325055665576 42.858526208558494),85,M,,M,1086643.9149970077,1041550.525030598,SENECA ST & MINERAL SPRINGS RD,SENECA / MINERAL SPRINGS RD,A10,Seneca / Mineral Springs,2008-2010
POINT (-78.82374196263655 42.84169695887366),85,M,,M,1083816.1449943706,1035473.9450249374,S PARK AVE & LADNER AVE,SOUTH PARK AV/ LADNER,A11,South Park / Ladner,2008-2010
POINT (-78.83220604943006 42.85596101906687),69,A,,M,1081561.5049922764,1040678.9950297847,HOPKINS ST & PEMBINA ST,Hopkins / Pembina,A12,Hopkins / Pembina,2008-2010
POINT (-78.83924530305751 42.8930753081426),100,PP,,M,1079715.1773516529,1054210.8128201384,,BROADWAY / FILLMORE,C37,Broadway / Fillmore,1/1/2017
POINT (-78.86453295044811 42.87173796542819),85,M,,M,1072912.8949842155,1046456.105035156,S PARK AVE & LOUISIANA ST,SOUTH PARK AV / LOUISIANA,A14,South Park / Louisiana,2008-2010
POINT (-78.87746490085736 42.86659597517108),100,PP,,M,1069439.7906621846,1044593.9688506216,,400 FUHRMAN,A15,400 Fuhrman,2008-2010
POINT (-78.86425236896706 42.85221718719853),100,PP,,M,1072964.3806869744,1039341.5944830412,,1200 FUHRMAN,A16,1200 Fuhrman,2008-2010
POINT (-78.82387074240997 42.84845474464061),100,A,R,M,1083788.638381163,1037936.8802287227,1847 S PARK AVE,1847 South Park Av (Lobby),A97 - 99,1847 South Park Av,1/1/2012
POINT (-78.89143497960161 42.89700001659375),69,A,,M,1065735.1849775352,1055688.0150437579,BUSTI AVE & PENNSYLVANIA ST,Busti / Pennsylvania,B1,Busti / Pennsylvania,2008-2010
POINT (-78.87674296649692 42.89074300170757),55,M,,M,1069663.994981192,1053393.5950416178,W CHIPPEWA ST & DELAWARE AVE,CHIPPEWA / DELAWARE,B2,Chippewa / Delaware,2008-2010
POINT (-78.87711796297316 42.89945497916234),69,A,,M,1069574.5849811062,1056569.005044587,ELMWOOD AVE & ALLEN ST,Elmwood / Allen,B3,Elmwood / Allen,2008-2010
POINT (-78.86200198908232 42.900284955441016),69,A,,M,1073625.7849848792,1056857.7150448486,HIGH ST & MAPLE ST,High / Maple,B4,High / Maple,2008-2010
POINT (-78.85406238974169 42.8850503167011),100,PP,,M,1075735.2490912408,1051298.5473489354,,JEFFERSON / WILLIAM,B5,Jefferson / William,2008-2010
POINT (-78.87437903292154 42.885674994467614),69,A,,M,1070291.0949817747,1051544.3750399053,MAIN ST & COURT ST,Main / Court,B6,Main / Court,2008-2010
POINT (-78.86591303019495 42.91124894223877),55,M,,M,1072591.284983918,1060857.015048571,MAIN ST & E UTICA ST,MAIN / UTICA,B7,Main / Utica,2008-2010
POINT (-78.88848798520425 42.89385598934887),69,A,,M,1066520.6849782616,1054539.3050426915,BUSTI AVE & MARYLAND ST,Busti / Maryland,B8,Busti / Maryland,2008-2010
POINT (-78.88181993448366 42.890272966860884),69,A,,M,1068302.8649799265,1053227.0750414655,NIAGARA ST & GEORGIA ST,Niagara / Georgia,B9,Niagara / Georgia,2008-2010
POINT (-78.87336625386952 42.891972906918205),100,PP,,M,1070570.4285413655,1053838.695048493,,SHEAS AT PEARL,B10,Sheas at Pearl,2008-2010
POINT (-78.8833089698361 42.89183901358718),69,A,,M,1067905.864979554,1053799.2350420058,NIAGARA ST & CAROLINA ST,Niagara / Carolina,B13,Niagara / Carolina,2008-2010
POINT (-78.87710096972499 42.90987600879028),69,A,,M,1069592.3949811235,1060366.915048115,ELMWOOD AVE & HODGE AVE,Elmwood / Hodge,B14,Elmwood / Hodge,2008-2010
POINT (-78.88673706190946 42.90632598873329),69,A,,M,1067006.2549787126,1059082.2750469148,CONNECTICUT ST & 14TH ST,Connecticut / 14th,B17,Connecticut / 14th,2008-2010
POINT (-78.88624103232331 42.894987001471414),69,A,,M,1067124.2749788277,1054949.3250430748,NIAGARA ST & MARYLAND ST,Niagara / Maryland,B18,Niagara / Maryland,2008-2010
POINT (-78.88772956215304 42.88021493650636),100,PP,,M,1066705.9415911927,1049567.1265003937,,ERIE BASIN MARINA LOT,B30,Erie Basin Marina Lot,2008-2010
POINT (-78.87815337006192 42.88679716915731),100,A,,T,1069385.9648836472,1051657.984476221,NIAGARA SQ,Niagara Square,B31,Niagara Square,2008-2010
POINT (-78.87192401484073 42.889910958186974),55,M,,M,1070954.3349823877,1053085.8950413316,E CHIPPEWA ST & WASHINGTON ST,CHIPPEWA / WASHINGTON,B32,Chippewa / Washington,2008-2010
POINT (-78.86988899733473 42.899405966706226),69,A,,M,1071511.4649829157,1056544.465044558,MAIN ST & ALLEN ST,Main / Allen,B33,Main / Allen,2008-2010
POINT (-78.8796504804168 42.8772563574839),100,PP,,M,1068867.542523966,1048481.1580784773,,CANALSIDE,B35,Canalside,2008-2010
POINT (-78.87517902632136 42.890470992144856),55,M,,M,1070082.7549815811,1053293.0050415248,W CHIPPEWA ST & FRANKLIN ST,CHIPPEWA / FRANKLIN,B36,Chippewa / Franklin,2008-2010
POINT (-78.88094598892796 42.89767597740602),69,A,,M,1068546.604980152,1055924.255043976,MARYLAND ST & COTTAGE ST,Maryland / Cottage,B37,Maryland / Cottage,2008-2010
POINT (-78.87713704242105 42.90225502791447),64,A,,M,1069573.0349811018,1057589.4950455278,ELMWOOD AVE & NORTH ST,Elmwod / North,B38,Elmwod / North,2008-2010
POINT (-78.8820259618796 42.9112970199484),55,M,,M,1068274.8449798971,1060889.445048608,W UTICA ST & RICHMOND AVE,UTICA / RICHMOND,B39,Utica / Richmond,2008-2010
POINT (-78.87394198093672 42.89941698798536),69,A,,M,1070425.5149818994,1056552.2050445601,DELAWARE AVE & ALLEN ST,Delaware / Allen,B40,Delaware / Allen,2008-2010
POINT (-78.89218503514218 42.90131400316089),69,A,,M,1065539.974977348,1057260.975045219,PORTER AVE & NIAGARA ST,Porter / Niagara,B41,Porter / Niagara,2008-2010
POINT (-78.87706701785964 42.913181005706015),69,A,,M,1069605.6949811392,1061571.3850492463,ELMWOOD AVE & LEXINGTON AVE,Elmwood / Lexington,B42,Elmwood / Lexington,2008-2010
POINT (-78.8718759699103 42.89331700293817),55,M,,M,1070971.4649824053,1054327.1750424877,MAIN ST & E TUPPER ST,MAIN / TUPPER,B97 - 99,695 Main,
POINT (-78.89047640644225 42.884507226990245),100,PP,,M,1065975.4252990244,1051134.111829396,,ERIE BASIN MARINA TOWER,B50,Erie Basin Marina Tower,2008-2010
POINT (-78.87775689423998 42.883178840175184),100,PP,,M,1069382.6425090616,1050637.8068675413,,HEADQUARTERS LOBBY,HQ,Headquarters Lobby,
POINT (-78.83237799167816 42.911278020094166),69,A,,M,1081575.0349922813,1060839.2350485623,BOX AVE & KEHR ST,Box / Kehr,C1,Box / Kehr,2008-2010
POINT (-78.83715298406146 42.89344896904272),69,A,,M,1080276.2649910748,1054345.2950425148,BROADWAY ST & LOMBARD ST,Broadway / Lombard,C2,Broadway / Lombard,2008-2010
POINT (-78.82473602868421 42.89552402063635),69,A,,T,1083605.7749941759,1055091.7550432011,BROADWAY ST & PERSON ST,Broadway / Person,C3,Broadway / Person,2008-2010
POINT (-78.82440503507989 42.91445001693478),55,M,,M,1083714.2249942757,1061989.0450496227,E FERRY ST & MOSELLE ST,FERRY / MOSELLE,C5,Ferry / Moselle,2008-2010
POINT (-78.83907496460297 42.91094803966304),69,A,,M,1079780.6149906106,1060724.3550484553,FILLMORE AVE & E UTICA ST,Fillmore / E. Utica,C6,Fillmore / E. Utica,2008-2010
POINT (-78.83901199945196 42.905756965114435),85,A,,M,1079791.7349906191,1058832.4250466898,FILLMORE AVE & MARTIN LUTHER KING PARK,Fillmore / Park (MLK),C7,Fillmore / Park (MLK),2008-2010
POINT (-78.81370405963342 42.912635001782796),69,A,,M,1086578.9549969435,1061319.535048999,GENESEE ST & BAILEY AVE,Genesee / Bailey,C8,Genesee / Bailey,2008-2010
POINT (-78.80497500698587 42.889756010111014),55,M,,M,1088895.3749990985,1052975.0550412387,E LOVEJOY ST & GOLD ST,LOVEJOY / GOLD,C9,Lovejoy / Gold,2008-2010
POINT (-78.8440139932913 42.88963703677775),69,A,,M,1078433.4349893592,1052961.6650412157,PADEREWSKI DR & SMITH ST,Paderewski / Smith,C10,Paderewski / Smith,2008-2010
POINT (-78.82192004075661 42.90311498852053),69,A,,M,1084368.1849948876,1057856.1150457785,SYCAMORE ST & GOODYEAR AVE,Sycamore / Goodyear,C11,Sycamore / Goodyear,2008-2010
POINT (-78.83174100364039 42.90356901024339),69,A,,M,1081737.3849924318,1058029.1950459406,WALDEN AVE & ROTHER AVE,Walden / Rother,C12,Walden / Rother,2008-2010
POINT (-78.82423303465319 42.90842604447387),69,A,,M,1083754.0149943084,1059793.4850475788,MOSELLE ST & GENESEE ST,Moselle / Genesee,C13,Moselle / Genesee,2008-2010
POINT (-78.84807200652692 42.907384013869134),69,A,,M,1077366.2949883677,1059432.9050472453,WOHLERS AVE & NORTHAMPTON ST,Wohlers / Northampton,C15,Wohlers / Northampton,2008-2010
POINT (-78.80432101884574 42.90613504472524),69,A,,M,1089086.304999277,1058943.8950467855,WALDEN AVE & POPLAR AVE,Walden / Poplar,C16,Walden / Poplar,2008-2010
POINT (-78.84118593072833 42.89703098114107),69,A,,M,1079199.5649900734,1055654.0350437239,SYCAMORE ST & STRAUSS ST,Sycamore / Strauss,C17,Sycamore / Strauss,2008-2010
POINT (-78.80360394609664 42.91668798571321),69,A,,M,1089288.484999463,1062789.3950503692,GENESEE ST & SPRENGER AVE,Genesee / Sprenger,C30,Genesee / Sprenger,2008-2010
POINT (-78.81155396861008 42.905162007563945),69,A,,T,1087147.5449974686,1058594.4450464621,WALDEN AVE & SUMNER PL,Walden / Sumner,C31,Walden / Sumner,2008-2010
POINT (-78.83922096435163 42.88500097443333),69,A,,M,1079712.754990548,1051268.125039637,WILLIAM ST & FILLMORE AVE,William / Fillmore,C32,William / Fillmore,2008-2010
POINT (-78.84807597808091 42.90558196575797),64,A,,M,1077363.164988365,1058776.1550466344,DODGE ST & WOHLERS AVE,Dodge / Wholers,C33,Dodge / Wholers,2008-2010
POINT (-78.8149570652324 42.908069962879004),69,A,,T,1086238.7149966247,1059656.7350474522,BURGARD PL & HAZEL PL,Burgard / Hazel,C34,Burgard / Hazel,2008-2010
POINT (-78.83911894181418 42.91462297197947),85,M,,M,1079772.904990606,1062063.7150496915,E FERRY ST & FILLMORE AVE,E FERRY ST / FILLMORE,C97 - 99,693 E Ferry St,1/1/2012
POINT (-78.8898781124158 42.925407915681106),75,A,L,M,1066190.0658668831,1066039.7134724837,420 GRANT ST,420 Grant,D1,420 Grant,2008-2010
POINT (-78.89860017451399 42.9550208574947),75,A,R,M,1063894.4978807657,1076840.7996916526,427 ONTARIO ST,427 Ontario,D2,427 Ontario,2008-2010
POINT (-78.87721664190941 42.91804639316092),75,A,L,M,1069571.8064418393,1063344.7102832957,770 ELMWOOD AVE,770 Elmwood,D3,770 Elmwood,2008-2010
POINT (-78.8433259530252 42.94030500244921),71,A,,M,1078674.874989584,1071426.9750584215,AMHERST ST & DUANE TER,E. Amherst / Duane Terr.,D4,E. Amherst / Duane Terr.,2008-2010
POINT (-78.87700898592853 42.92323901996349),69,A,,T,1069634.0349811614,1065236.9650526568,ELMWOOD AVE & BIDWELL PKWY,Elmwood / Bidwell,D5,Elmwood / Bidwell,2008-2010
POINT (-78.90547196601814 42.95292401472553),69,A,,M,1062051.984974105,1076083.5750627592,TONAWANDA ST & RIVERSIDE AVE,Tonawanda / Riverside,D8,Tonawanda / Riverside,2008-2010
POINT (-78.88985993674648 42.93823203231868),69,A,,M,1066211.9649779722,1070713.4450577572,GRANT ST & AMHERST ST,Grant / Amherst,D9,Grant / Amherst,2008-2010
POINT (-78.89056103028571 42.91677001881604),69,A,,M,1065995.6649777777,1062892.30505047,GRANT ST & BRECKENRIDGE ST,Grant / Breckenridge,D10,Grant / Breckenridge,2008-2010
POINT (-78.88764493752498 42.91533302370817),55,M,,M,1066774.894978501,1062365.7550499737,HAMPSHIRE ST & W FERRY ST,HAMPSHIRE / FERRY,D11,Hampshire / Ferry,2008-2010
POINT (-78.85896901144538 42.94772900271654),69,A,,T,1074495.084985692,1074145.995060958,HERTEL AVE & COLVIN AVE,Hertel / Colvin,D12,Hertel / Colvin,2008-2010
POINT (-78.86878004479311 42.94760792563272),100,PP,,M,1071868.2028372965,1074110.6313727933,,Hertel / Delaware,D13,Hertel / Delaware,11/1/2016
POINT (-78.85309398916812 42.94767404530476),69,A,,M,1076067.9549871571,1074120.8650609255,HERTEL AVE & STERLING AVE,Hertel / Sterling,D14,Hertel / Sterling,2008-2010
POINT (-78.85100905211418 42.93588397848388),69,A,,M,1076612.484987665,1069822.1850569248,PARKSIDE AVE & JEWETT PKWY,Parkside / Jewett,D15,Parkside / Jewett,2008-2010
POINT (-78.87703598861985 42.93338698905363),85,A,,M,1069639.7149811685,1068935.415056102,ELMWOOD AVE & IROQUOIS,Elmwood / Iroquois,D16,Elmwood / Iroquois,2008-2010
POINT (-78.8914224168017 42.93242770498186),100,PP,,M,1065785.825650675,1068599.5853184906,,IMPOUND GARAGE 1,D17,Impound Garage 1,
POINT (-78.8915457527893 42.93210605138912),100,PP,,M,1065752.3668892018,1068482.4796533338,,IMPOUND GARAGE 2,D18,Impound Garage 2,
POINT (-78.88885300554858 42.93225695295953),69,A,,T,1066473.684978217,1068534.8450557217,GRANT ST & LETCHWORTH ST,Grant / Letchworth,D30,Grant / Letchworth,2008-2010
POINT (-78.86886695664423 42.951511974124024),69,A,,M,1071849.7649832256,1075533.5450622365,DELAWARE AVE & TACOMA AVE,Delaware / Tacoma,D31,Delaware / Tacoma,2008-2010
POINT (-78.86426394453146 42.94775001724156),69,A,,M,1073077.484984368,1074158.3450609595,HERTEL AVE & FAIRCHILD PL,Hertel / Fairchild,D32,Hertel / Fairchild,2008-2010
POINT (-78.87863600047507 42.940565004358206),69,A,,T,1069220.4249807745,1071552.9450585395,ELMWOOD AVE & AMHERST ST,Elmwood/Amherst,D33,Elmwood/Amherst,2008-2010
POINT (-78.86789300658042 42.94194998338059),69,A,,T,1072098.7149834558,1072047.7850589901,DELAWARE AVE & GREAT ARROW AVE,Delaware / Great Arrow,D34,Delaware / Great Arrow,2008-2010
POINT (-78.850740032641 42.94043299129148),69,A,,T,1076689.7949877307,1071479.8450584635,AMHERST ST & PARKSIDE AVE,Amherst / Parkside,D35,Amherst / Parkside,2008-2010
POINT (-78.8611528958847 42.933772044206385),100,PP,,M,1073893.5856753169,1069061.2986075755,,DELAWARE TOWER,D36,Delaware Tower,
POINT (-78.87853201830205 42.95862602170509),69,A,,M,1069271.3749808222,1078135.2050646693,ELMWOOD AVE & KENMORE AVE,Elmwood / Kenmore,D37,Elmwood / Kenmore,2008-2010
POINT (-78.90321995551673 42.95782403976572),69,A,,M,1062661.6649746671,1077867.0950644165,ESSER AVE & ECKHERT ST,Esser / Eckhert,D38,Esser / Eckhert,2008-2010
POINT (-78.87468117827518 42.932877332542304),100,PP,,M,1070269.6772609341,1068747.4776912532,,ALBRIGHT KNOX,D39,Albright Knox,2008-2010
POINT (-78.90714595347421 42.95616098500365),69,A,,M,1061608.3849736862,1077265.015063852,ESSER AVE & TONAWANDA ST,Esser / Tonawanda,D40,Esser / Tonawanda,2008-2010
POINT (-78.89323399440926 42.91520402275895),55,M,,M,1065277.564977102,1062324.205049932,W FERRY ST & HERKIMER ST,FERRY / HERKIMER,D41,Ferry / Herkimer,2008-2010
POINT (-78.86441501701405 42.91534497488237),55,M,,M,1072997.5749842934,1062348.4650499597,MAIN ST & E FERRY ST,MAIN / FERRY,D42,Main / Ferry,2008-2010
POINT (-78.88616994404398 42.924083997235286),69,A,,M,1067181.4849788807,1065553.6150529534,HOYT ST & POTOMAC AVE,Hoyt / Potomac,D43,Hoyt / Potomac,2008-2010
POINT (-78.89944602334518 42.91519505027494),85,A,,M,1063613.5149755552,1062327.1250499487,NIAGARA ST & W FERRY ST,Niagara / W Ferry St,D44,Niagara / W Ferry St,2008-2010
POINT (-78.88391857299983 42.94758205583667),75,A,R,M,1067815.0850514155,1074115.3257164864,669 HERTEL AVE,669 Hertel (Lobby),D97 - 99,669 Hertel,1/1/2012
POINT (-78.81364504475518 42.94116003130473),69,M,,M,1086623.224996984,1071715.4250586852,BAILEY AVE & BERKSHIRE AVE,BAILEY / BERKSHIRE,E1,Bailey / Berkshire,2008-2010
POINT (-78.81366699837832 42.94585700259119),69,A,,T,1086622.0349969827,1073427.2550602853,BAILEY AVE & MINNESOTA AVE,Bailey / Minnesota,E2,Bailey / Minnesota,2008-2010
POINT (-78.81366095930721 42.92544895211217),69,A,,M,1086603.284996964,1065989.5350533575,BAILEY AVE & SCHRECK AVE,Bailey / Schreck,E3,Bailey / Schreck,2008-2010
POINT (-78.82515593568795 42.94802699304667),69,A,,M,1083548.2549941167,1074226.7450610325,CORDOVA AVE & LISBON AVE,Cordova / Lisbon,E4,Cordova / Lisbon,2008-2010
POINT (-78.82911900609669 42.92213599469859),55,M,,M,1082459.644993104,1064793.8450522348,E DELAVAN AVE & GRIDER ST,DELAVAN / GRIDER,E5,Delavan / Grider,2008-2010
POINT (-78.84696104925872 42.92199798490348),55,M,,M,1077680.6149886586,1064758.0150522068,E DELAVAN AVE & OAKGROVE AVE,DELAVAN / OAKGROVE,E6,Delavan / Oakgrove,2008-2010
POINT (-78.84808698332841 42.91471200892298),55,M,,M,1077370.6849883683,1062103.595049739,E FERRY ST & WOHLERS AVE,FERRY / WOHLERS,E7,Ferry / Wohlers,2008-2010
POINT (-78.83936767663236 42.93372268083006),69,A,,T,1079759.78499059,1069024.7950561792,FILLMORE AVE & JEWETT AVE,Fillmore / Jewett,E8,Fillmore / Jewett,2008-2010
POINT (-78.85397401396273 42.91111296481234),55,M,,M,1075789.474986896,1060796.9450485185,JEFFERSON AVE & E UTICA ST,JEFFERSON / UTICA,E9,Jefferson / Utica,2008-2010
POINT (-78.85398899423609 42.914962990957186),85,M,,M,1075789.974986896,1062200.0950498283,JEFFERSON AVE & E FERRY ST,JEFFERSON / E. FERRY ST,E10,Jefferson / E. Ferry,2008-2010
POINT (-78.8255829910873 42.95145203762629),69,A,,M,1083437.5149940178,1075475.3350621834,MAIN ST & WINSPEAR AVE,Main / Winspear,E11,Main / Winspear,2008-2010
POINT (-78.80693034868736 42.92262271799133),100,PP,,M,1088403.1998334988,1064954.6527414417,,DELAVAN / COURTLAND,E12,Delavan / Courtland,2008-2010
POINT (-78.83797596127008 42.94026102615511),69,A,,M,1080107.364990916,1071406.5650584027,MAIN ST & AMHERST ST,Main / Amherst,E13,Main / Amherst,2008-2010
POINT (-78.80630395417884 42.94094597477089),69,M,,M,1088588.674998816,1071632.1150586084,KENSINGTON AVE & ORLEANS ST,KENSINGTON / ORLEANS,E14,Kensington / Orleans,2008-2010
POINT (-78.82767503932868 42.94957801230472),69,A,,M,1082875.4549934976,1074793.9650615454,MAIN ST & HIGHGATE AVE,Main / Highgate,E15,Main / Highgate,2008-2010
POINT (-78.82163602270711 42.949207975852474),69,A,,M,1084491.8649949953,1074654.4650614187,WINSPEAR AVE & PARKRIDGE AVE,Winspear / Parkridge,E16,Winspear / Parkridge,2008-2010
POINT (-78.82775597820803 42.95485399227095),69,A,,M,1082859.3749934807,1076716.8650633395,ENGLEWOOD AVE & BRUCE ST,Englewood / Bruce,E17,Englewood / Bruce,2008-2010
POINT (-78.8393050134954 42.93903797824576),69,A,,M,1079750.1349905804,1070961.9050579816,MAIN ST & FILLMORE AVE,Main / Fillmore,E18,Main / Fillmore,2008-2010
POINT (-78.82995001769571 42.947620031305654),69,A,,T,1082264.2949929237,1074082.1550608948,MAIN ST & LASALLE AVE,Main / LaSalle,E19,Main / LaSalle,2008-2010
POINT (-78.82377203734464 42.95307198450539),69,A,,M,1083924.024994474,1076064.3350627348,MAIN ST & ENGLEWOOD AVE,Main / Englewood,E20,Main / Englewood,2008-2010
POINT (-78.81085197952854 42.945832038166856),69,A,,M,1087375.7049976848,1073416.1050602645,MINNESOTA AVE & SUFFOLK ST,Minnesota / Suffolk,E30,Minnesota / Suffolk,2008-2010
POINT (-78.81362193359075 42.9379650196116),69,A,,M,1086626.224996984,1070550.9850576073,KENSINGTON AVE & BAILEY AVE,Kensington / Bailey,E31,Kensington / Bailey,2008-2010
POINT (-78.8033440054447 42.94215095956406),69,A,,M,1089382.3849995546,1072069.1850590184,KENSINGTON AVE & EGGERT RD,Kensington / Eggert,E32,Kensington / Eggert,2008-2010
POINT (-78.82428995122383 42.922567032667786),55,M,,M,1083753.5249943137,1064947.1950523779,E DELAVAN AVE & WYOMING AVE,DELAVAN / WYOMING,E33,Delavan / Wyoming,2008-2010
POINT (-78.81364693984754 42.933110971056415),69,A,,M,1086614.6849969774,1068781.9450559467,BAILEY AVE & BERWYN AVE,Bailey / Berwyn,E34,Bailey / Berwyn,2008-2010
POINT (-78.8184190284511 42.92705799552677),69,A,,M,1085330.5749957822,1066579.475053899,OLYMPIC AVE & ALMA AVE,Olympic / Alma,E35,Olympic / Alma,2008-2010
POINT (-78.81349660286944 42.92259414722804),100,PP,,M,1086644.4580201933,1064948.982838087,,BAILEY / DELAVAN,E36,Bailey / Delavan,2008-2010
POINT (-78.81870894501417 42.93590898873517),69,A,,M,1085261.9549957179,1069805.4350569025,KENSINGTON AVE & OLYMPIC AVE,Kensington / Olympic,E37,Kensington / Olympic,2008-2010
POINT (-78.85398398504273 42.919346003124375),69,A,,M,1075796.4549869,1063797.4750513062,JEFFERSON AVE & NORTHLAND AVE,Jefferson / Northland,E38,Jefferson / Northland,2008-2010
POINT (-78.80337003346733 42.92275504499285),55,M,,M,1089356.9249995276,1065000.3650524393,E DELAVAN AVE & HARRIET AVE,DELAVAN / HARRIET,E39,Delavan / Harriet,2008-2010
POINT (-78.84665698553546 42.93224402453561),55,M,,M,1077773.7449887395,1068491.9250556827,MAIN ST & W OAKWOOD PL,MAIN / OAKWOOD,E40,Main / Oakwood,2008-2010
POINT (-78.81364792939456 42.92985897122222),69,M,,M,1086611.1749969758,1067596.7550548539,BAILEY AVE & LANGFIELD DR,BAILEY/LANGFIELD,E97 - 99,2676 Bailey,1/1/2012
POINT (-78.86381610581634 42.878400716382444),100,PP,,M,1073113.1414741934,1048883.6792797302,,341 SENECA,A91 - 96,341 Seneca,
POINT (-78.81680098506263 42.91139697670157),69,A,,M,1085748.0849961713,1060870.6250485927,GENESEE ST & MAY ST,Genesee / May,C14,Genesee / May,1/1/2013
POINT (-78.80826593348087 42.91482197950323),69,A,,M,1088037.874998305,1062112.635049738,GENESEE ST & THEODORE ST,Genesee / Theodore,C18,Genesee / Theodore,1/1/2013
POINT (-78.83617698016651 42.903626963098176),69,A,,M,1080548.9449913278,1058053.8550459668,GENESEE ST & WALDEN AVE,Genesee / Walden,C19,Genesee / Walden,11/1/2012
POINT (-78.83930096632098 42.92748400106914),64,A,,M,1079738.4049905725,1066751.055054061,FILLMORE AVE & KENSINGTON AVE,Filmore / Kensington,E23,Filmore / Kensington,11/1/2012
POINT (-78.83909732983211 42.93606895696093),64,A,,T,1079767.9749906026,1069871.0550569743,FILLMORE AVE & RODNEY AVE,Filmore / Rodney,E24,Filmore / Rodney,12/1/2012
POINT (-78.86733002894815 42.92227298744889),55,M,,M,1072225.24498358,1064875.9950523153,DELAWARE AVE & W DELAVAN AVE,DELAWARE / DELAVAN,D20,Delaware / Delavan,11/1/2013
POINT (-78.84357995687462 42.903717000924374),69,A,,M,1078565.6149894819,1058092.7150460035,BEST ST & GUILFORD ST,Best / Guilford,C20,Best / Guilford,6/1/2013
POINT (-78.83153199533602 42.939184989509485),85,A,,M,1081831.6749925204,1071009.2450580224,BENNETT VILLAGE TER & HILL ST,Bennett Village Ter / Hill,E25,Bennett Village Ter / Hill,1/1/2013
POINT (-78.8622770536288 42.917461995155755),69,A,,M,1073572.8349848315,1063118.105050683,MAIN ST & HARVARD PL,Main / Harvard,D21,Main / Harvard,3/1/2013
POINT (-78.86405205933845 42.92063604241698),69,A,,T,1073101.2349843942,1064276.4650517628,LAFAYETTE AVE & OXFORD AVE,Lafayette / Oxford,D22,Lafayette / Oxford,3/1/2013
POINT (-78.89047098778215 42.9158909879165),61,A,,M,1066018.614977792,1062571.855050169,GRANT ST & FERGUSON AVE,Grnat / Ferguson,D23,Grant / Ferguson,3/1/2013
POINT (-78.88750706229418 42.93909098951573),69,A,,M,1066843.1349785626,1071024.2050580457,AMHERST ST & PETER ST,Amherst / Peter,D24,Amherst / Peter,5/1/2013
POINT (-78.87701302474747 42.92792503514268),69,A,,M,1069638.9149811678,1066944.7850542367,ELMWOOD AVE & FOREST AVE,Elmwood / Forest,D25,Elmwood / Forest,10/1/2013
POINT (-78.8345180306582 42.89400800150439),69,A,,M,1080982.9549917318,1054546.9150426984,BROADWAY ST & PLAYTER ST,Broadway / Playter,C21,Broadway / Playter,1/1/2013
POINT (-78.8189650184089 42.896286988556795),69,M,,M,1085152.944995612,1055365.4350434542,BROADWAY ST & WICK ST,BROADWAY / WICK,C22,Broadway / Wick,1/1/2013
POINT (-78.88842100643915 42.91250098629912),69,A,,M,1066563.2649783045,1061334.3750490174,MASSACHUSETTS AVE & SHIELDS AVE,Massachusetts / Shields,B23,Massachusetts / Shields,2/1/2013
POINT (-78.88506595526239 42.914200979869555),69,A,,M,1067464.254979141,1061950.695049584,MASSACHUSETTS AVE & CHENANGO ST,Massachusetts / Chenango,B24,Massachusetts / Chenango,2/1/2013
POINT (-78.81758797298951 42.94373303939243),69,M,,M,1085570.074996002,1072656.075059563,COMSTOCK AVE & DARTMOUTH AVE,COMSTOCK / DARTMOUTH,E26,Comstock / Dartmouth,3/1/2013
POINT (-78.82778001062978 42.91448497866053),55,M,,M,1082810.184993431,1062004.3950496465,E FERRY ST & CARL ST,FERRY / CARL,E27,Ferry / Carl,10/1/2012
POINT (-78.85397196875064 42.902078958694275),71,A,,M,1075779.4349868856,1057504.5150454491,JEFFERSON AVE & E NORTH ST,Jefferson / North St,B25,Jefferson / North St,11/1/2012
POINT (-78.80722001053502 42.853203014487526),69,A,,T,1088258.3349985033,1039655.055028826,SENECA ST & CAZENOVIA ST,Seneca /Cazenovia,A7,Seneca /Cazenovia,11/1/2012
POINT (-78.90380093531752 42.949682976317575),69,A,,M,1062494.8349745162,1074900.6650616527,TONAWANDA ST & ONTARIO ST,Tonawanda / Ontario,D26,Tonawanda / Ontario,10/1/2012
POINT (-78.88323689452355 42.878771869718406),100,PP,,M,1067908.2153745007,1049036.8845768387,,ERIE / TEMPLETON,B26,Erie / Templeton,2/1/2013
POINT (-78.87852170425238 42.87631343473778),100,PP,,M,1069168.8924578335,1048136.4505490614,,PERRY / PRIME,B27,Perry / Prime,2/1/2013
POINT (-78.87862076881588 42.87763081674731),100,PP,,M,1069144.022666167,1048616.6588823944,,22 MARINE,B28,22 Marine,2/1/2013
POINT (-78.87791300025758 42.89222097905084),71,A,,T,1069352.3349809013,1053933.3350421265,S ELMWOOD AVE & S JOHNSON PARK,S Elmwood / Johnson Pk,B15,S Elmwood / Johnson Pk,10/1/2012
POINT (-78.84950402682597 42.92533802472264),69,A,,M,1077003.3449880257,1065977.435053341,LORING AVE & MEECH AVE,Loring / Meech,E22,Loring / Meech,1/1/2013
POINT (-78.84409796979837 42.943887985179664),69,A,,M,1078472.2049893923,1072733.4350596368,DEPEW AVE & STARIN AVE,Depew / Starin,D19,Depew / Starin,4/1/2013
POINT (-78.82918296064146 42.93273600668308),69,A,,M,1082453.8049931042,1068657.0650558323,GRIDER ST & LEROY AVE,Grider / Leroy,E21,Grider / Leroy,11/1/2012
POINT (-78.9002188616234 42.93183065862254),75,A,R,M,1063429.3281260768,1068390.7428596597,1731 NIAGARA ST,1731 Niagara,D7,1731 Niagara,4/1/2013
POINT (-78.89957617115584 42.89668284128956),100,PP,,M,1063553.299705452,1055580.5115287912,,1 AMVETS,B16,1 Amvets,10/1/2012
POINT (-78.9028658290701 42.9131214552413),100,PP,,M,1062694.569864609,1061574.865718507,,1 W FERRY ST,D6,1 W Ferry St,10/1/2012
POINT (-78.86955488936505 42.897719715927174),75,M,L,M,1071598.8967159018,1055929.6100055352,882 WASHINGTON ST,882 WASHINGTON,B20,882 Washington,4/1/2013
POINT (-78.86552601874959 42.89694701276523),69,M,,M,1072677.4849839993,1055644.3550437167,VIRGINIA ST & ELM ST,VIRGINIA / ELM,B19,Virginia / Elm,4/1/2013
POINT (-78.87924695266528 42.88585270114347),100,PP,,M,1068986.7138316266,1051613.687410514,,NIAGARA SQ - TURNER RAMP,B21,Niagara Sq - Turner Ramp,10/1/2012
POINT (-78.85105683617823 42.874526336396656),100,PP,,M,1076528.554239609,1047460.5428018396,,VAN RENSELLAER / EXCHANGE,A5,Van Rensellaer / Exchange,12/1/2012
POINT (-78.8758517624692 42.89390982750641),100,PP,,M,1069906.829772144,1054546.9054996788,,DELAWARE / TUPPER,B22,Delaware / Tupper,12/1/2012
POINT (-78.85932712087111 42.843308655216035),100,PP,,M,1074274.4309757203,1036090.5630564705,,1425 FUHRMANN BD,A6,1425 Fuhrmann Bd,2/1/2012
POINT (-78.87989298998087 42.89129699680737),69,M,,M,1068820.5649804026,1053598.4550418183,GEORGIA ST & WHITNEY PL,GEORGIA / WHITNEY,B34,Georgia / Whitney,5/1/2013
POINT (-78.90029499810467 42.906408009439),69,M,,M,1063374.0349753313,1059125.5550469607,BUSTI AVE & MASSACHUSETTS AVE,BUSTI / MASSACHUSETTS,B29,Busti / Massachusetts,4/1/2013
POINT (-78.84241302525822 42.9010090278492),69,M,,M,1078875.2249897644,1057104.835045077,GENESEE ST & REED ST,GENESEE /REED,C23,Genesee / Reed,4/1/2013
POINT (-78.84111618411512 42.90496776510932),100,PP,,M,1079227.1128798856,1058546.5222297246,,,C24,MLK Casino,6/1/2013
POINT (-78.81261404147921 42.90736903739688),69,M,,M,1086865.7249972112,1059399.5650472194,BRINKMAN AVE & ROHE ST,BRINKMAN / ROHE,C25,Brinkman / Rohe,9/1/2013
POINT (-78.8136530467826 42.943406987014974),69,M,,M,1086623.3249969892,1072534.335059449,BAILEY AVE & DARTMOUTH AVE,BAILEY / DARTMOUTH,E28,Bailey / Dartmouth,7/1/2013
POINT (-78.85391795761362 42.88185504164174),69,M,,M,1075770.2149868794,1050133.9150385857,CLINTON ST & JEFFERSON AVE,CLINTON / JEFFERSON,C26,Clinton / Jefferson,8/1/2013
POINT (-78.89670499713158 42.9572929891499),69,M,,M,1064404.9249762893,1077666.9850642309,ONTARIO ST & PHILADELPHIA ST,ONTARIO/ PHILADELPHIA,D28,Tonawanda / Philladelphia,8/1/2013
POINT (-78.81307120974188 42.86783027327198),100,PP,,M,1086703.9241121628,1044990.1146758657,,HOUGHTON PARK,A8,Houghton Park,11/1/2013
POINT (-78.81352936121877 42.94021930146375),100,PP,,M,1086653.2621360773,1071372.4908904335,,BAILEY / E AMHERST,E41,Bailey / E Amherst,6/1/2014
POINT (-78.81382320209524 42.94884504518268),100,PP,,M,1086583.197711593,1074516.3642316952,,BAILEY / WINSPEAR,E29,Bailey / Winspear,6/1/2014
POINT (-78.87473303797388 42.8816136288979),100,PP,,M,1070191.098315054,1050064.5511496582,,WASHINGTON / SWAN,B46,Washington / Swan,9/1/2014
POINT (-78.87513749663191 42.88305239047826),100,PP,,M,1070084.5130371074,1050589.2786500966,,MAIN / CHURCH,B45,Main / Church,9/1/2014
POINT (-78.8758021589892 42.888963062353746),100,PP,,M,1069913.8583147984,1052744.0236521428,,FRANKLIN / HURON,B48,Franklin / Huron,9/1/2014
POINT (-78.87923088029147 42.887728208770014),100,PP,,M,1068993.4235916354,1052297.1955961545,,S ELMWOOD / NIAGARA,B47,S Elmwood / Niagara,9/1/2014
POINT (-78.86648296204709 42.90224195360876),100,PP,,M,1072427.5613726198,1057574.94615662,,ELLICOTT / E NORTH,B12,Ellicott / E North,9/1/2014
POINT (-78.84961880115821 42.87650466667594),100,PP,,M,1076916.2987842474,1048180.3157774796,,SENECA / EMSLIE,A9,Seneca / Emslie,9/1/2014
POINT (-78.90280198992664 42.91519172432158),100,PP,,M,1062714.5358150534,1062329.3080941036,,BRODERICK PARK,D27,Broderick Park,9/1/2014
POINT (-78.87307698575998 42.89016880562044),100,PP,,M,1070645.6818674277,1053180.9281516531,,MAIN / CHIPPEWA,B43,Main / Chippewa,9/1/2014
POINT (-78.87241463710615 42.8913904588292),100,PP,,M,1070824.708167664,1053625.5462072087,,643 MAIN,B44,643 Main,9/1/2014
POINT (-78.83906504382803 42.90722100505707),69,M,,M,1079779.1449906118,1059366.035047181,FILLMORE AVE & NORTHAMPTON ST,FILLMORE / NORTHAMPTON,C27,Fillmore / Northampton,10/1/2014
POINT (-78.83906801051528 42.909275006736955),69,M,,M,1079780.624990616,1060114.6150478795,FILLMORE AVE & RILEY ST,FILLMORE / RILEY,C28,Fillmore / Riley,10/1/2014
POINT (-78.8390760339817 42.911928971255406),69,M,,M,1079781.4149906114,1061081.8550487757,FILLMORE AVE & ROEDER ST,FILLMORE / ROEDER,C29,Fillmore / Roeder,10/1/2014
POINT (-78.8390800251723 42.913138021546885),69,M,,M,1079781.6849906147,1061522.495049201,FILLMORE AVE & WINSLOW AVE,FILLMORE / WINSLOW,C35,Fillmore / Winslow,10/1/2014
POINT (-78.81361964865556 42.909854088993995),100,PP,,M,1086598.793860163,1060305.9736048763,,BAILEY / DOAT,C36,Bailey / Doat,12/1/2014
POINT (-78.8105279091574 42.92261877526536),100,PP,,M,1087439.6210866952,1064955.79727213,,E DELAVAN / SUFFOLK,E42,E Delavan / Suffolk,12/1/2014
POINT (-78.87621598302108 42.877159109394654),100,PP,,M,1069787.9941530854,1048442.4956084583,,WASHINGTON / SCOTT,B49,Washington / Scott,4/1/2015
POINT (-78.80768042171717 42.919144733696754),100,PP,,M,1088198.919483846,1063687.6392324485,,LANG / HAGEN,E43,Lang / Hagen,8/1/2015
POINT (-78.81357252076769 42.91869184952066),100,PP,,M,1086620.232242172,1063526.8495108301,,BAILEY / LANG,E44,Bailey / Lang,5/1/2015
POINT (-78.81288200714187 42.937328009717426),69,M,,M,1086823.724997174,1070318.2850573882,BICKFORD AVE & DAVIDSON AVE,BICKFORD / DAVIDSON,E46,Bickford / Davidson,7/1/2015
POINT (-78.81767196189097 42.9444932834897),100,PP,,M,1085548.359037554,1072933.2091460545,,COMSTOCK / SHIRLEY,E47,Comstock / Shirley,8/1/2015
POINT (-78.81079769038087 42.940081854894444),100,PP,,M,1087384.5723735285,1071320.408352115,,SUFFOLK / WESTMINSTER,E48,Sufflok / Westminster,9/1/2015
POINT (-78.81365495499703 42.947410394678855),100,PP,,M,1086626.810040227,1073993.3811838664,,BAILEY / ROUNDS,E49,Bailey / Rounds,8/1/2015
POINT (-78.82291294110466 42.94009096311058),69,M,,M,1084140.534994673,1071332.73505833,E AMHERST ST & BERKSHIRE AVE,E AMHERST / BERKSHIRE,E50,E Amherst / Berkshire,9/1/2015
POINT (-78.87331535907391 42.88927868349169),100,PP,,M,1070580.6847164503,1052856.7455160553,,,B54,Fountain Plaza,7/1/2015
POINT (-78.87341124676037 42.88861216093875),100,PP,,M,1070554.1511915564,1052613.9217470952,,MAIN / HURON,B53,Main / Huron,7/1/2015
POINT (-78.87386554456766 42.88721527398207),100,PP,,M,1070430.6476925549,1052105.2500836651,,MAIN / MOHAWK,B51,Main / Mohawk,7/1/2015
POINT (-78.87283188712831 42.88704354449095),100,PP,,M,1070707.4471096636,1052041.709500454,,WASHINGTON / MOHAWK,B52,Washington / Mohawk,7/1/2015
POINT (-78.81364100944533 42.93505698393355),69,M,,M,1086618.2149969786,1069491.1650566086,BAILEY AVE & MILLICENT AVE,BAILEY / MILLICENT,E45,Bailey / Millicent,5/1/2015
POINT (-78.83234038936776 42.952504832971634),100,PP,,M,1081629.5855855716,1075864.3120101069,,MERRIMAC / LINEAR PARK,E51,Merrimac / Linear Park,7/1/2016
POINT (-78.8334740722014 42.95258090214211),100,PP,,M,1081326.1678549892,1075892.9363243128,,LINEAR PARK 360,E52,Linear Park 360,7/1/2016
POINT (-78.8370979134283 42.871770649221205),75,M,L,M,1080267.210013494,1046444.6575383022,1120 SENECA ST,1120 SENECA,A13,1120 Seneca - DPW,10/1/2016
POINT (-78.82986561917993 42.89464437638622),100,PP,,M,1082230.3183399267,1054775.1546520195,,BROADWAY / MEMORIAL,C4,Broadway / Memorial,2008-2010
POINT (-78.58333333333333 -90),0,,,,0,0,,66 Custer,E53,66 Custer,5/1/2017
POINT (-78.90159410737404 42.90409297007778),100,PP,,M,1063022.7979806936,1058283.1563163907,,Shoreline Deck,B56,Shoreline Deck,4/1/2017
POINT (-78.90122165906614 42.90175682899621),100,PP,,M,1063119.3691612494,1057431.376802503,,Shoreline Path,B55,Shoreline Path,4/1/2017
